Geneid	./mouse_cns_E14_rep1.Aligned.sortedByCoord.out.bam
ENSMUSG00000034587	35
ENSMUSG00000053263	18
ENSMUSG00000056579	393
ENSMUSG00000069181	2
ENSMUSG00000084962	0
ENSMUSG00000085039	15
ENSMUSG00000086032	0
ENSMUSG00000086566	105
ENSMUSG00000087221	60
ENSMUSG00000087291	1
ENSMUSG00000087580	0
ENSMUSG00000087687	108
ENSMUSG00000087697	11
ENSMUSG00000091488	52
ENSMUSG00000091559	5
ENSMUSG00000091607	0
ENSMUSG00000023795	1419
ENSMUSG00000073242	0
ENSMUSG00000082286	2944
ENSMUSG00000084941	7
ENSMUSG00000085043	4
ENSMUSG00000085048	0
ENSMUSG00000085180	13
ENSMUSG00000085205	0
ENSMUSG00000085394	0
ENSMUSG00000085656	0
ENSMUSG00000086049	0
ENSMUSG00000086065	0
ENSMUSG00000086445	0
ENSMUSG00000087055	1
ENSMUSG00000087111	1
ENSMUSG00000089665	9
ENSMUSG00000089699	6
ENSMUSG00000089956	0
ENSMUSG00000091849	0
ENSMUSG00000092286	8
ENSMUSG00000000600	980
ENSMUSG00000000766	156
ENSMUSG00000001376	753
ENSMUSG00000001750	589
ENSMUSG00000003282	80
ENSMUSG00000003585	8
ENSMUSG00000004565	737
ENSMUSG00000004567	1295
ENSMUSG00000004568	548
ENSMUSG00000004626	598
ENSMUSG00000004630	11
ENSMUSG00000004748	17
ENSMUSG00000005534	688
ENSMUSG00000005540	0
ENSMUSG00000005907	425
ENSMUSG00000005982	1430
ENSMUSG00000005983	105
ENSMUSG00000006333	3146
ENSMUSG00000006335	140
ENSMUSG00000007415	592
ENSMUSG00000008307	40
ENSMUSG00000008373	437
ENSMUSG00000012705	6
ENSMUSG00000013974	4
ENSMUSG00000014232	671
ENSMUSG00000014529	2
ENSMUSG00000015202	2006
ENSMUSG00000017688	12
ENSMUSG00000019368	2
ENSMUSG00000019470	892
ENSMUSG00000019734	74
ENSMUSG00000020430	249
ENSMUSG00000020432	95
ENSMUSG00000020434	8
ENSMUSG00000020435	109
ENSMUSG00000020439	63
ENSMUSG00000020448	218
ENSMUSG00000020451	633
ENSMUSG00000020453	325
ENSMUSG00000020454	427
ENSMUSG00000020457	269
ENSMUSG00000020658	992
ENSMUSG00000020660	61
ENSMUSG00000020661	1337
ENSMUSG00000020668	1341
ENSMUSG00000020671	1654
ENSMUSG00000021215	632
ENSMUSG00000021216	0
ENSMUSG00000021218	3497
ENSMUSG00000022184	273
ENSMUSG00000022186	232
ENSMUSG00000022529	729
ENSMUSG00000022534	2
ENSMUSG00000023764	398
ENSMUSG00000023800	676
ENSMUSG00000023802	2
ENSMUSG00000023964	136
ENSMUSG00000024231	3939
ENSMUSG00000024232	1016
ENSMUSG00000024829	230
ENSMUSG00000024831	246
ENSMUSG00000024843	961
ENSMUSG00000024866	14
ENSMUSG00000024885	16
ENSMUSG00000024900	401
ENSMUSG00000024905	4
ENSMUSG00000024907	45
ENSMUSG00000024908	1810
ENSMUSG00000024913	312
ENSMUSG00000025898	436
ENSMUSG00000025899	866
ENSMUSG00000026643	1486
ENSMUSG00000026644	10
ENSMUSG00000026645	0
ENSMUSG00000026646	236
ENSMUSG00000026648	517
ENSMUSG00000026650	7
ENSMUSG00000026655	1097
ENSMUSG00000026657	46
ENSMUSG00000028232	363
ENSMUSG00000028233	544
ENSMUSG00000028234	2165
ENSMUSG00000028236	0
ENSMUSG00000029663	2
ENSMUSG00000029664	14
ENSMUSG00000030427	0
ENSMUSG00000031494	0
ENSMUSG00000031495	0
ENSMUSG00000032766	122
ENSMUSG00000033765	0
ENSMUSG00000033781	535
ENSMUSG00000033799	1550
ENSMUSG00000034493	0
ENSMUSG00000034543	429
ENSMUSG00000034570	18
ENSMUSG00000034579	8
ENSMUSG00000034614	75
ENSMUSG00000035372	356
ENSMUSG00000035585	649
ENSMUSG00000035596	586
ENSMUSG00000035632	583
ENSMUSG00000035674	286
ENSMUSG00000036908	144
ENSMUSG00000036983	102
ENSMUSG00000037263	0
ENSMUSG00000037477	3
ENSMUSG00000037486	369
ENSMUSG00000039496	14
ENSMUSG00000039738	1733
ENSMUSG00000039789	275
ENSMUSG00000040165	2
ENSMUSG00000040197	0
ENSMUSG00000040236	612
ENSMUSG00000040274	105
ENSMUSG00000040302	141
ENSMUSG00000040340	2
ENSMUSG00000040351	894
ENSMUSG00000040367	17
ENSMUSG00000040407	585
ENSMUSG00000040429	78
ENSMUSG00000041624	171
ENSMUSG00000041935	4097
ENSMUSG00000042198	245
ENSMUSG00000042228	78
ENSMUSG00000042360	0
ENSMUSG00000044156	28
ENSMUSG00000044433	799
ENSMUSG00000044988	0
ENSMUSG00000045098	1294
ENSMUSG00000046201	939
ENSMUSG00000047205	126
ENSMUSG00000047264	915
ENSMUSG00000047735	67
ENSMUSG00000048807	44
ENSMUSG00000049721	9
ENSMUSG00000049871	69
ENSMUSG00000049950	114
ENSMUSG00000050530	2002
ENSMUSG00000051003	0
ENSMUSG00000051396	1086
ENSMUSG00000051951	546
ENSMUSG00000053211	2
ENSMUSG00000053338	0
ENSMUSG00000053395	40
ENSMUSG00000054594	8
ENSMUSG00000054753	0
ENSMUSG00000054939	229
ENSMUSG00000054986	0
ENSMUSG00000055452	276
ENSMUSG00000055541	18
ENSMUSG00000055737	697
ENSMUSG00000056673	1751
ENSMUSG00000058503	320
ENSMUSG00000058818	6
ENSMUSG00000059043	2
ENSMUSG00000059734	597
ENSMUSG00000061971	0
ENSMUSG00000063130	10
ENSMUSG00000063889	984
ENSMUSG00000064065	628
ENSMUSG00000064373	2302
ENSMUSG00000065952	2
ENSMUSG00000065987	0
ENSMUSG00000068240	4674
ENSMUSG00000068457	714
ENSMUSG00000068566	667
ENSMUSG00000069044	0
ENSMUSG00000069045	1351
ENSMUSG00000069049	1831
ENSMUSG00000069053	2
ENSMUSG00000069633	56
ENSMUSG00000069806	1027
ENSMUSG00000071019	2
ENSMUSG00000071454	460
ENSMUSG00000071456	49
ENSMUSG00000071613	41
ENSMUSG00000074417	0
ENSMUSG00000074419	0
ENSMUSG00000074485	0
ENSMUSG00000074491	3
ENSMUSG00000074497	2
ENSMUSG00000074558	0
ENSMUSG00000074561	0
ENSMUSG00000074562	0
ENSMUSG00000074563	0
ENSMUSG00000074564	0
ENSMUSG00000074565	0
ENSMUSG00000075296	24
ENSMUSG00000075702	102
ENSMUSG00000078216	0
ENSMUSG00000078217	0
ENSMUSG00000078218	0
ENSMUSG00000078219	0
ENSMUSG00000078220	0
ENSMUSG00000078221	0
ENSMUSG00000078222	0
ENSMUSG00000078365	4
ENSMUSG00000078366	0
ENSMUSG00000078367	0
ENSMUSG00000078488	0
ENSMUSG00000078813	41
ENSMUSG00000078814	0
ENSMUSG00000078815	6
ENSMUSG00000078816	31
ENSMUSG00000078817	2
ENSMUSG00000079179	114
ENSMUSG00000079397	0
ENSMUSG00000079398	0
ENSMUSG00000079399	51
ENSMUSG00000079402	0
ENSMUSG00000079403	0
ENSMUSG00000079404	0
ENSMUSG00000079405	0
ENSMUSG00000079406	0
ENSMUSG00000079407	4
ENSMUSG00000079408	87
ENSMUSG00000079409	0
ENSMUSG00000079410	818
ENSMUSG00000079615	0
ENSMUSG00000079719	0
ENSMUSG00000082848	1
ENSMUSG00000089942	0
ENSMUSG00000090364	0
ENSMUSG00000090487	4
ENSMUSG00000090650	0
ENSMUSG00000090929	0
ENSMUSG00000091028	0
ENSMUSG00000091057	0
ENSMUSG00000091119	3
ENSMUSG00000091530	4
ENSMUSG00000091539	0
ENSMUSG00000091599	0
ENSMUSG00000091644	0
ENSMUSG00000091840	1
ENSMUSG00000092101	0
ENSMUSG00000092108	0
ENSMUSG00000044697	4
ENSMUSG00000046787	0
ENSMUSG00000055216	16
ENSMUSG00000060343	0
ENSMUSG00000062353	2257
ENSMUSG00000066902	0
ENSMUSG00000068141	893
ENSMUSG00000069125	20
ENSMUSG00000074418	0
ENSMUSG00000074420	0
ENSMUSG00000079101	157
ENSMUSG00000079889	0
ENSMUSG00000080299	0
ENSMUSG00000080300	0
ENSMUSG00000080703	2
ENSMUSG00000080837	0
ENSMUSG00000080876	0
ENSMUSG00000080917	0
ENSMUSG00000081059	0
ENSMUSG00000081070	10
ENSMUSG00000081165	1
ENSMUSG00000081208	2
ENSMUSG00000081278	0
ENSMUSG00000081279	0
ENSMUSG00000081589	0
ENSMUSG00000081660	0
ENSMUSG00000081665	0
ENSMUSG00000081711	0
ENSMUSG00000081809	6
ENSMUSG00000081926	326
ENSMUSG00000082025	0
ENSMUSG00000082081	0
ENSMUSG00000082093	0
ENSMUSG00000082167	0
ENSMUSG00000082219	0
ENSMUSG00000082366	0
ENSMUSG00000082489	0
ENSMUSG00000082580	26
ENSMUSG00000082643	0
ENSMUSG00000082658	0
ENSMUSG00000082816	0
ENSMUSG00000082991	0
ENSMUSG00000083015	0
ENSMUSG00000083144	0
ENSMUSG00000083186	906
ENSMUSG00000083344	16
ENSMUSG00000083489	0
ENSMUSG00000083579	37
ENSMUSG00000083632	0
ENSMUSG00000083742	0
ENSMUSG00000083918	0
ENSMUSG00000084077	0
ENSMUSG00000084170	0
ENSMUSG00000084211	0
ENSMUSG00000084298	0
ENSMUSG00000084310	0
ENSMUSG00000084955	0
ENSMUSG00000085018	0
ENSMUSG00000085367	0
ENSMUSG00000085685	0
ENSMUSG00000085963	0
ENSMUSG00000085978	0
ENSMUSG00000086230	0
ENSMUSG00000086458	0
ENSMUSG00000086619	0
ENSMUSG00000087262	0
ENSMUSG00000087285	0
ENSMUSG00000089690	0
ENSMUSG00000090025	0
ENSMUSG00000090318	0
ENSMUSG00000090324	0
ENSMUSG00000090423	0
ENSMUSG00000090537	131
ENSMUSG00000090577	0
ENSMUSG00000090601	0
ENSMUSG00000090684	0
ENSMUSG00000090699	0
ENSMUSG00000090701	0
ENSMUSG00000090795	0
ENSMUSG00000091010	0
ENSMUSG00000091249	0
ENSMUSG00000091289	3
ENSMUSG00000091292	0
ENSMUSG00000091304	0
ENSMUSG00000091339	0
ENSMUSG00000091483	0
ENSMUSG00000091516	0
ENSMUSG00000091598	0
ENSMUSG00000091749	0
ENSMUSG00000091834	0
ENSMUSG00000091936	0
ENSMUSG00000092030	2
ENSMUSG00000092168	0
