Geneid	./mouse_cns_E14_rep2.Aligned.sortedByCoord.out.bam
ENSMUSG00000034587	40
ENSMUSG00000053263	11
ENSMUSG00000056579	343
ENSMUSG00000069181	2
ENSMUSG00000084962	0
ENSMUSG00000085039	16
ENSMUSG00000086032	0
ENSMUSG00000086566	96
ENSMUSG00000087221	64
ENSMUSG00000087291	0
ENSMUSG00000087580	0
ENSMUSG00000087687	166
ENSMUSG00000087697	5
ENSMUSG00000091488	78
ENSMUSG00000091559	4
ENSMUSG00000091607	0
ENSMUSG00000023795	1068
ENSMUSG00000073242	0
ENSMUSG00000082286	2709
ENSMUSG00000084941	16
ENSMUSG00000085043	1
ENSMUSG00000085048	0
ENSMUSG00000085180	2
ENSMUSG00000085205	0
ENSMUSG00000085394	0
ENSMUSG00000085656	0
ENSMUSG00000086049	0
ENSMUSG00000086065	4
ENSMUSG00000086445	0
ENSMUSG00000087055	0
ENSMUSG00000087111	2
ENSMUSG00000089665	15
ENSMUSG00000089699	4
ENSMUSG00000089956	0
ENSMUSG00000091849	0
ENSMUSG00000092286	8
ENSMUSG00000000600	1087
ENSMUSG00000000766	297
ENSMUSG00000001376	796
ENSMUSG00000001750	418
ENSMUSG00000003282	50
ENSMUSG00000003585	12
ENSMUSG00000004565	556
ENSMUSG00000004567	1230
ENSMUSG00000004568	609
ENSMUSG00000004626	693
ENSMUSG00000004630	1
ENSMUSG00000004748	20
ENSMUSG00000005534	616
ENSMUSG00000005540	2
ENSMUSG00000005907	348
ENSMUSG00000005982	1239
ENSMUSG00000005983	97
ENSMUSG00000006333	3047
ENSMUSG00000006335	132
ENSMUSG00000007415	546
ENSMUSG00000008307	20
ENSMUSG00000008373	545
ENSMUSG00000012705	2
ENSMUSG00000013974	4
ENSMUSG00000014232	723
ENSMUSG00000014529	0
ENSMUSG00000015202	2136
ENSMUSG00000017688	34
ENSMUSG00000019368	0
ENSMUSG00000019470	880
ENSMUSG00000019734	56
ENSMUSG00000020430	226
ENSMUSG00000020432	91
ENSMUSG00000020434	9
ENSMUSG00000020435	73
ENSMUSG00000020439	32
ENSMUSG00000020448	202
ENSMUSG00000020451	544
ENSMUSG00000020453	337
ENSMUSG00000020454	453
ENSMUSG00000020457	256
ENSMUSG00000020658	900
ENSMUSG00000020660	18
ENSMUSG00000020661	1197
ENSMUSG00000020668	1563
ENSMUSG00000020671	1770
ENSMUSG00000021215	263
ENSMUSG00000021216	0
ENSMUSG00000021218	3410
ENSMUSG00000022184	271
ENSMUSG00000022186	266
ENSMUSG00000022529	600
ENSMUSG00000022534	0
ENSMUSG00000023764	471
ENSMUSG00000023800	1015
ENSMUSG00000023802	0
ENSMUSG00000023964	117
ENSMUSG00000024231	4169
ENSMUSG00000024232	773
ENSMUSG00000024829	217
ENSMUSG00000024831	208
ENSMUSG00000024843	951
ENSMUSG00000024866	10
ENSMUSG00000024885	29
ENSMUSG00000024900	398
ENSMUSG00000024905	6
ENSMUSG00000024907	24
ENSMUSG00000024908	1879
ENSMUSG00000024913	217
ENSMUSG00000025898	289
ENSMUSG00000025899	859
ENSMUSG00000026643	1483
ENSMUSG00000026644	2
ENSMUSG00000026645	2
ENSMUSG00000026646	326
ENSMUSG00000026648	505
ENSMUSG00000026650	8
ENSMUSG00000026655	1320
ENSMUSG00000026657	34
ENSMUSG00000028232	366
ENSMUSG00000028233	559
ENSMUSG00000028234	2021
ENSMUSG00000028236	0
ENSMUSG00000029663	0
ENSMUSG00000029664	4
ENSMUSG00000030427	0
ENSMUSG00000031494	0
ENSMUSG00000031495	0
ENSMUSG00000032766	87
ENSMUSG00000033765	0
ENSMUSG00000033781	534
ENSMUSG00000033799	1635
ENSMUSG00000034493	0
ENSMUSG00000034543	437
ENSMUSG00000034570	16
ENSMUSG00000034579	7
ENSMUSG00000034614	70
ENSMUSG00000035372	292
ENSMUSG00000035585	724
ENSMUSG00000035596	604
ENSMUSG00000035632	451
ENSMUSG00000035674	304
ENSMUSG00000036908	143
ENSMUSG00000036983	84
ENSMUSG00000037263	0
ENSMUSG00000037477	0
ENSMUSG00000037486	404
ENSMUSG00000039496	10
ENSMUSG00000039738	1527
ENSMUSG00000039789	303
ENSMUSG00000040165	6
ENSMUSG00000040197	0
ENSMUSG00000040236	599
ENSMUSG00000040274	143
ENSMUSG00000040302	119
ENSMUSG00000040340	0
ENSMUSG00000040351	747
ENSMUSG00000040367	12
ENSMUSG00000040407	570
ENSMUSG00000040429	98
ENSMUSG00000041624	184
ENSMUSG00000041935	4416
ENSMUSG00000042198	259
ENSMUSG00000042228	63
ENSMUSG00000042360	0
ENSMUSG00000044156	30
ENSMUSG00000044433	659
ENSMUSG00000044988	0
ENSMUSG00000045098	1247
ENSMUSG00000046201	983
ENSMUSG00000047205	148
ENSMUSG00000047264	929
ENSMUSG00000047735	40
ENSMUSG00000048807	58
ENSMUSG00000049721	6
ENSMUSG00000049871	53
ENSMUSG00000049950	121
ENSMUSG00000050530	1507
ENSMUSG00000051003	0
ENSMUSG00000051396	1069
ENSMUSG00000051951	491
ENSMUSG00000053211	0
ENSMUSG00000053338	0
ENSMUSG00000053395	69
ENSMUSG00000054594	21
ENSMUSG00000054753	0
ENSMUSG00000054939	207
ENSMUSG00000054986	0
ENSMUSG00000055452	272
ENSMUSG00000055541	22
ENSMUSG00000055737	382
ENSMUSG00000056673	1750
ENSMUSG00000058503	345
ENSMUSG00000058818	8
ENSMUSG00000059043	0
ENSMUSG00000059734	606
ENSMUSG00000061971	0
ENSMUSG00000063130	0
ENSMUSG00000063889	954
ENSMUSG00000064065	1027
ENSMUSG00000064373	1978
ENSMUSG00000065952	2
ENSMUSG00000065987	0
ENSMUSG00000068240	4710
ENSMUSG00000068457	651
ENSMUSG00000068566	439
ENSMUSG00000069044	0
ENSMUSG00000069045	1106
ENSMUSG00000069049	1995
ENSMUSG00000069053	3
ENSMUSG00000069633	58
ENSMUSG00000069806	990
ENSMUSG00000071019	0
ENSMUSG00000071454	375
ENSMUSG00000071456	72
ENSMUSG00000071613	29
ENSMUSG00000074417	0
ENSMUSG00000074419	0
ENSMUSG00000074485	0
ENSMUSG00000074491	0
ENSMUSG00000074497	2
ENSMUSG00000074558	0
ENSMUSG00000074561	0
ENSMUSG00000074562	0
ENSMUSG00000074563	0
ENSMUSG00000074564	0
ENSMUSG00000074565	0
ENSMUSG00000075296	2
ENSMUSG00000075702	68
ENSMUSG00000078216	0
ENSMUSG00000078217	0
ENSMUSG00000078218	0
ENSMUSG00000078219	0
ENSMUSG00000078220	0
ENSMUSG00000078221	0
ENSMUSG00000078222	0
ENSMUSG00000078365	0
ENSMUSG00000078366	0
ENSMUSG00000078367	0
ENSMUSG00000078488	0
ENSMUSG00000078813	35
ENSMUSG00000078814	0
ENSMUSG00000078815	0
ENSMUSG00000078816	36
ENSMUSG00000078817	0
ENSMUSG00000079179	73
ENSMUSG00000079397	0
ENSMUSG00000079398	0
ENSMUSG00000079399	66
ENSMUSG00000079402	0
ENSMUSG00000079403	0
ENSMUSG00000079404	0
ENSMUSG00000079405	0
ENSMUSG00000079406	0
ENSMUSG00000079407	17
ENSMUSG00000079408	159
ENSMUSG00000079409	0
ENSMUSG00000079410	1305
ENSMUSG00000079615	0
ENSMUSG00000079719	0
ENSMUSG00000082848	0
ENSMUSG00000089942	0
ENSMUSG00000090364	0
ENSMUSG00000090487	8
ENSMUSG00000090650	0
ENSMUSG00000090929	0
ENSMUSG00000091028	2
ENSMUSG00000091057	0
ENSMUSG00000091119	2
ENSMUSG00000091530	14
ENSMUSG00000091539	0
ENSMUSG00000091599	0
ENSMUSG00000091644	0
ENSMUSG00000091840	0
ENSMUSG00000092101	0
ENSMUSG00000092108	0
ENSMUSG00000044697	6
ENSMUSG00000046787	0
ENSMUSG00000055216	8
ENSMUSG00000060343	0
ENSMUSG00000062353	2291
ENSMUSG00000066902	0
ENSMUSG00000068141	717
ENSMUSG00000069125	60
ENSMUSG00000074418	0
ENSMUSG00000074420	0
ENSMUSG00000079101	290
ENSMUSG00000079889	0
ENSMUSG00000080299	0
ENSMUSG00000080300	0
ENSMUSG00000080703	0
ENSMUSG00000080837	0
ENSMUSG00000080876	0
ENSMUSG00000080917	0
ENSMUSG00000081059	0
ENSMUSG00000081070	18
ENSMUSG00000081165	0
ENSMUSG00000081208	6
ENSMUSG00000081278	0
ENSMUSG00000081279	0
ENSMUSG00000081589	0
ENSMUSG00000081660	0
ENSMUSG00000081665	0
ENSMUSG00000081711	0
ENSMUSG00000081809	9
ENSMUSG00000081926	459
ENSMUSG00000082025	0
ENSMUSG00000082081	0
ENSMUSG00000082093	0
ENSMUSG00000082167	0
ENSMUSG00000082219	0
ENSMUSG00000082366	0
ENSMUSG00000082489	0
ENSMUSG00000082580	28
ENSMUSG00000082643	0
ENSMUSG00000082658	2
ENSMUSG00000082816	3
ENSMUSG00000082991	0
ENSMUSG00000083015	0
ENSMUSG00000083144	0
ENSMUSG00000083186	825
ENSMUSG00000083344	16
ENSMUSG00000083489	0
ENSMUSG00000083579	37
ENSMUSG00000083632	0
ENSMUSG00000083742	0
ENSMUSG00000083918	0
ENSMUSG00000084077	0
ENSMUSG00000084170	0
ENSMUSG00000084211	0
ENSMUSG00000084298	0
ENSMUSG00000084310	0
ENSMUSG00000084955	0
ENSMUSG00000085018	0
ENSMUSG00000085367	0
ENSMUSG00000085685	0
ENSMUSG00000085963	0
ENSMUSG00000085978	0
ENSMUSG00000086230	0
ENSMUSG00000086458	0
ENSMUSG00000086619	0
ENSMUSG00000087262	0
ENSMUSG00000087285	0
ENSMUSG00000089690	0
ENSMUSG00000090025	0
ENSMUSG00000090318	0
ENSMUSG00000090324	0
ENSMUSG00000090423	0
ENSMUSG00000090537	222
ENSMUSG00000090577	0
ENSMUSG00000090601	0
ENSMUSG00000090684	0
ENSMUSG00000090699	0
ENSMUSG00000090701	0
ENSMUSG00000090795	0
ENSMUSG00000091010	0
ENSMUSG00000091249	0
ENSMUSG00000091289	8
ENSMUSG00000091292	0
ENSMUSG00000091304	0
ENSMUSG00000091339	0
ENSMUSG00000091483	0
ENSMUSG00000091516	0
ENSMUSG00000091598	0
ENSMUSG00000091749	0
ENSMUSG00000091834	0
ENSMUSG00000091936	0
ENSMUSG00000092030	4
ENSMUSG00000092168	0
